﻿{"cameraMode":{"drawMode":0,"name":"Shaded","section":"Shading Mode"},"sceneLighting":true,"audioPlay":false,"sceneViewState":{"showFog":true,"showMaterialUpdate":false,"showSkybox":true,"showFlares":true,"showImageEffects":true,"showParticleSystems":true},"in2DMode":false,"pivot":{"x":-195.47360229492188,"y":1.3923273086547852,"z":7.7102861404418949},"rotation":{"x":0.017684152349829675,"y":0.025475813075900079,"z":0.0005072028725408018,"w":-0.999566912651062},"size":2.4452342987060549,"orthographic":false}